Index,Probability
247,0.9980919
370,0.9968412
255,0.99594194
190,0.9946636
202,0.9941109
249,0.993806
311,0.9936069
1530,0.99311054
418,0.9928115
445,0.9924867
245,0.9911321
235,0.99093354
315,0.9901697
1226,0.9899492
238,0.9895789
28,0.9891495
140,0.98913854
22,0.98885787
1293,0.98870987
301,0.9886092
313,0.9884293
385,0.98839325
314,0.98806816
102,0.98745954
963,0.9871516
339,0.98698074
387,0.98694545
1014,0.98667985
323,0.9858148
240,0.9854826
